Id,Nome,Squadra,Ruolo_Classic,Ruolo_Mantra,Ruolo_Fantastats,Quot_Attuale,Quot_Iniziale,FantaValore
5841,Svilar,Roma,P,Por,POR,18,18,65
5116,Martinez Jo.,Inter,P,Por,POR,17,17,63
4431,Carnesecchi,Atalanta,P,Por,POR,16,16,52
6966,Butez,Como,P,Por,POR,16,16,56
4312,Maignan,Milan,P,Por,POR,15,15,50
2521,De Gea,Fiorentina,P,Por,POR,13,13,45
572,Meret,Napoli,P,Por,POR,11,11,45
133,Skorupski,Bologna,P,Por,POR,10,10,37
4360,Caprile,Cagliari,P,Por,POR,9,9,27
5876,Di Gregorio,Juventus,P,Por,POR,9,9,40
6482,Mandas,Lazio,P,Por,POR,9,9,30
6462,Okoye,Udinese,P,Por,POR,9,9,29
7332,Bijlow,Genoa,P,Por,POR,8,8,18
2134,Falcone,Lecce,P,Por,POR,8,8,25
7411,Daffara,Parma,P,Por,POR,7,7,5
6641,Suzuki,Parma,P,Por,POR,7,7,20
4236,Muric,Sassuolo,P,Por,POR,7,7,15
218,Perin,Juventus,P,Por,POR,6,6,10
6248,Stankovic F.,Venezia,P,Por,POR,6,6,14
4485,Thiam,Monza,P,Por,POR,5,5,12
2170,Milinkovic-Savic V.,Napoli,P,Por,POR,5,5,10
6415,Palmisani,Frosinone,P,Por,POR,4,4,8
7463,Desplanches,Frosinone,P,Por,POR,2,2,8
2814,Provedel,Inter,P,Por,POR,2,2,5
2297,Rossi F.,Atalanta,P,Por,POR,1,1,1
4,Sportiello,Atalanta,P,Por,POR,1,1,1
7533,Happonen,Bologna,P,Por,POR,1,1,1
7172,Pessina Mas.,Bologna,P,Por,POR,1,1,1
4929,Ciocci,Cagliari,P,Por,POR,1,1,1
6650,Sherri,Cagliari,P,Por,POR,1,1,1
7301,Tornqvist,Como,P,Por,POR,1,1,1
2809,Vigorito,Como,P,Por,POR,1,1,1
6403,Christensen O.,Fiorentina,P,Por,POR,1,1,1
158,Lezzerini,Fiorentina,P,Por,POR,1,1,1
7466,Lolic,Frosinone,P,Por,POR,1,1,1
219,Sommariva,Genoa,P,Por,POR,1,1,1
6569,Stolz,Genoa,P,Por,POR,1,1,1
1926,Di Gennaro,Inter,P,Por,POR,1,1,1
1930,Pinsoglio,Juventus,P,Por,POR,1,1,1
7337,Motta,Lazio,P,Por,POR,1,1,1
7534,Renzetti,Lazio,P,Por,POR,1,1,1
2401,Fruchtl,Lecce,P,Por,POR,1,1,1
6523,Samooja,Lecce,P,Por,POR,1,1,1
2815,Terracciano,Milan,P,Por,POR,1,1,1
6813,Torriani,Milan,P,Por,POR,1,1,1
6682,Pizzignacco,Monza,P,Por,POR,1,1,1
7475,Strajnar,Monza,P,Por,POR,1,1,1
2845,Contini,Napoli,P,Por,POR,1,1,1
6662,Corvi,Parma,P,Por,POR,1,1,1
7048,De Marzi,Roma,P,Por,POR,1,1,1
610,Gollini,Roma,P,Por,POR,1,1,1
4518,Russo A.,Sassuolo,P,Por,POR,1,1,1
4867,Turati,Sassuolo,P,Por,POR,1,1,3
7457,Mascardi,Torino,P,Por,POR,1,1,1
5320,Paleari,Torino,P,Por,POR,1,1,1
7363,Siviero,Torino,P,Por,POR,1,1,1
543,Padelli,Udinese,P,Por,POR,1,1,1
5707,Piana,Udinese,P,Por,POR,1,1,1
6671,Grandi,Venezia,P,Por,POR,1,1,1
7531,Pozzi,Venezia,P,Por,POR,1,1,1
254,Dimarco,Inter,D,E;W,ES;T,32,32,265
7181,Wesley,Roma,D,E,T,17,17,90
4159,Akanji,Inter,D,Dc,DC,16,16,55
2788,Bremer,Juventus,D,Dc,DC,15,15,50
2296,Mancini,Roma,D,Dc,DC,15,15,49
2120,Bastoni,Inter,D,Dc,DC,14,14,44
5022,Pavlovic,Milan,D,Dc,DC,14,14,48
4409,Rrahmani,Napoli,D,Dc,DC,14,14,47
4976,Kalulu,Juventus,D,Dd;Dc,DC;T,13,13,46
4317,N'Dicka,Roma,D,Dc,DC,13,13,44
6956,Solet,Udinese,D,Dc,DC,13,13,46
2514,Stones,Inter,D,Dc,DC,12,12,38
5833,Gila,Milan,D,Dc,DC,12,12,31
2816,Di Lorenzo,Napoli,D,Dd;E,T,12,12,40
5750,Ostigard,Genoa,D,Dc,DC,11,11,40
6217,Bisseck,Inter,D,Dc,DC,11,11,33
5526,Scalvini,Atalanta,D,Dc,DC,10,10,28
6869,Ramon,Como,D,Dc,DC,10,10,32
5885,Dodò,Fiorentina,D,Dd;E,T,10,10,30
4807,Hermoso,Roma,D,Dc,DC,10,10,26
5514,Vasquez,Genoa,D,Ds;Dc,DC;T,9,9,33
5520,Cambiaso,Juventus,D,Dd;Ds;E,T,9,9,27
6046,Hien,Atalanta,D,Dc,DC,8,8,16
554,Zappacosta,Atalanta,D,Dd;E,T,8,8,24
6042,Lucumì,Bologna,D,Dc,DC,8,8,18
4734,Miranda J.,Bologna,D,Ds;E,T,8,8,24
4210,Mina,Cagliari,D,Dc,DC,8,8,20
5365,Dragusin,Fiorentina,D,Dc,DC,8,8,27
6531,Jimenez A.,Fiorentina,D,Dd;Ds;E,T,8,8,23
6814,Norton-Cuffy,Genoa,D,Dd;E,T,8,8,22
4657,Celik,Juventus,D,B;Dd;E,DC;T,8,8,21
6496,Bartesaghi,Milan,D,Ds;E,T,8,8,25
1852,Spinazzola,Napoli,D,Ds;E,T,8,8,24
6664,Delprato,Parma,D,B;Dd;E,DC;T,8,8,21
5862,Valeri,Parma,D,Ds;E,T,8,8,24
7529,Koulierakis,Roma,D,Dc,DC,8,8,20
4994,Vojvoda,Udinese,D,Dd;E,T,8,8,19
787,Djimsiti,Atalanta,D,Dc,DC,7,7,16
5701,Obert,Cagliari,D,B;Ds;E,DC;T,7,7,14
7414,Kaiki,Como,D,Ds;E,T,7,7,23
5877,Carlos Augusto,Inter,D,B;Ds;E,DC;T,7,7,27
6320,Doekhi,Lazio,D,Dc,DC,7,7,22
460,Romagnoli,Lazio,D,Dc,DC,7,7,24
6989,Tiago Gabriel,Lecce,D,Dc,DC,7,7,17
4401,Gabbia,Milan,D,Dc,DC,7,7,23
4751,Tomori,Milan,D,Dc,DC,7,7,20
2724,Buongiorno,Napoli,D,Dc,DC,7,7,18
6672,Idzes,Sassuolo,D,Dc,DC,7,7,1
6642,Coco,Torino,D,Dc,DC,7,7,18
5010,Ismajli,Torino,D,Dc,DC,7,7,18
6485,Kristensen T.,Udinese,D,Dd;Dc,DC;T,7,7,15
6916,Ahanor,Atalanta,D,B;Ds;E,DC;T,6,6,16
4887,Bellanova,Atalanta,D,Dd;E,T,6,6,15
7219,Bernasconi,Atalanta,D,Ds;E,T,6,6,17
7212,Heggem,Bologna,D,Ds;Dc,DC;T,6,6,15
4433,Zortea,Bologna,D,Dd;E,T,6,6,19
6867,Valle,Como,D,Ds;E,T,6,6,18
7294,Valdepenas,Fiorentina,D,Ds;Dc,DC;T,6,6,18
7410,Viery,Fiorentina,D,Ds;Dc,DC;T,6,6,19
4952,Monterisi,Frosinone,D,Dc,DC,6,6,14
6660,Marcandalli,Genoa,D,Dc,DC,6,6,13
4177,Pavard,Inter,D,Dd;Dc,DC;T,6,6,18
5620,Tavares N.,Lazio,D,Ds;E,T,6,6,17
2188,Marusic,Lazio,D,Dd;Ds;E,T,6,6,20
4502,Gallo,Lecce,D,Ds;E,T,6,6,13
7485,Mangas,Monza,D,Ds;E,T,6,6,15
6202,Beukema,Napoli,D,Dc,DC,6,6,16
6663,Circati,Parma,D,Dc,DC,6,6,18
6495,Comuzzo,Torino,D,Dc,DC,6,6,11
5555,Kamara H.,Udinese,D,Ds;E,T,6,6,12
7253,Bella-Kotchap,Venezia,D,Dc,DC,6,6,13
2640,Kolasinac,Atalanta,D,Ds;Dc,DC;T,5,5,12
7068,Vitik,Bologna,D,Dc,DC,5,5,11
5678,Holm,Bologna,D,Dd;E,T,5,5,13
7532,Kofler,Cagliari,D,Dc,DC,5,5,11
7274,Zè Pedro,Cagliari,D,Dd;Dc,DC;T,5,5,11
6893,Kempf,Como,D,Dc,DC,5,5,13
5449,Parisi,Fiorentina,D,Ds;E,T,5,5,12
7469,Bracaglia,Frosinone,D,Ds;Dc,DC;T,5,5,11
6238,Oyono A.,Frosinone,D,Dd;E,T,5,5,12
2593,Martin,Genoa,D,Ds;E,T,5,5,15
6766,Kelly L.,Juventus,D,Ds;Dc,DC;T,5,5,13
4817,Pedraza,Lazio,D,Ds;E,T,5,5,15
6632,Gaspar K.,Lecce,D,Dc,DC,5,5,12
6990,Veiga D.,Lecce,D,Dd;E,T,5,5,11
5840,Olivera,Napoli,D,B;Ds;E,DC;T,5,5,13
6986,Rensch,Roma,D,B;Dd;E,DC;T,5,5,16
6426,Pedersen,Torino,D,Dd;E,T,5,5,13
6890,Moreno M.,Venezia,D,Dc,DC,5,5,11
5695,Haps,Venezia,D,Ds;E,T,5,5,11
4461,Zappa,Cagliari,D,B;Dd;E,DC;T,4,4,9
7014,Smolcic I.,Como,D,Dd;E,T,4,4,10
5603,Pongracic,Fiorentina,D,Dc,DC,4,4,8
7467,Calvani,Frosinone,D,Dc,DC,4,4,10
7537,Mitaj,Genoa,D,Ds;E,T,4,4,9
5831,Gatti,Juventus,D,Dc,DC,4,4,10
7240,Siebert,Lecce,D,Dc,DC,4,4,12
2115,Delli Carri,Monza,D,Dc,DC,4,4,11
6659,Lucchesi,Monza,D,Dc,DC,4,4,12
5838,Birindelli,Monza,D,Dd;Ds;E,T,4,4,12
5307,Valenti,Parma,D,Dc,DC,4,4,10
6631,Ghilardi,Roma,D,Dc,DC,4,4,10
4374,Walukiewicz,Sassuolo,D,Dd;Dc,DC;T,4,4,10
5851,Doig,Sassuolo,D,Ds;E,T,4,4,13
7526,Comert,Torino,D,Dc,DC,4,4,10
4263,Kabasele,Udinese,D,Dc,DC,4,4,9
5820,Bertola,Udinese,D,Dd;Ds;Dc,DC;T,4,4,10
5527,Zanoli,Udinese,D,Dd;E,T,4,4,10
7312,Arizala,Udinese,D,Ds;E,T,4,4,8
7538,Halhal,Venezia,D,Dc,DC,4,4,10
4845,Correia T.,Venezia,D,Dd;E,T,4,4,12
5578,Kossounou,Atalanta,D,Dd;Dc,DC;T,3,3,7
5498,Casale,Bologna,D,Dc,DC,3,3,6
7268,Rodriguez Ju.,Cagliari,D,Ds;Dc,DC;T,3,3,10
7125,Idrissi R.,Cagliari,D,Ds;E,T,3,3,7
4378,Ranieri L.,Fiorentina,D,Ds;Dc,DC;T,3,3,7
7175,Joao Mario,Fiorentina,D,Dd;E,T,3,3,7
7540,Akpoguma,Frosinone,D,Dc,DC,3,3,7
5757,Cittadini,Frosinone,D,Dc,DC,3,3,8
7012,Provstgaard,Lazio,D,Dc,DC,3,3,10
7131,Floriani Mussolini,Lazio,D,Dd;E,T,3,3,12
5739,De Winter,Milan,D,Dd;Dc,DC;T,3,3,12
7211,Athekame,Milan,D,Dd;E,T,3,3,8
5273,Estupinan,Milan,D,Ds;E,T,3,3,9
7238,Kouadio,Monza,D,Dd;Dc,DC;T,3,3,9
4925,Carboni A.,Monza,D,Ds;Dc,DC;T,3,3,9
7235,Troilo,Parma,D,Dc,DC,3,3,8
7255,Britschgi,Parma,D,Dd;Ds;E,T,3,3,10
4772,Angelino,Roma,D,E,T,3,3,12
6985,Candè,Sassuolo,D,Ds;Dc,DC;T,3,3,12
6892,Schingtienne,Venezia,D,Dc,DC,3,3,7
6673,Sverko,Venezia,D,Ds;Dc,DC;T,3,3,7
6821,Hainaut,Venezia,D,Dd;E,T,3,3,7
7326,Helland,Bologna,D,Dd;Dc,DC;T,2,2,5
7483,Alhassane,Bologna,D,Ds;E,T,2,2,6
6896,Van Der Brempt,Como,D,Dd;E,T,2,2,5
6977,Otoa,Genoa,D,Dc,DC,2,2,5
7413,Puczka,Genoa,D,Ds;E,T,2,2,7
791,Sabelli,Genoa,D,Dd;Ds;E,T,2,2,5
2263,Lazzari,Lazio,D,Dd;E,T,2,2,8
2728,Pellegrini Lu.,Lazio,D,Ds;E,T,2,2,5
6883,Jean,Lecce,D,Dc,DC,2,2,4
7525,Diawara S.,Milan,D,Ds;Dc,DC;T,2,2,4
6638,Marin R.,Napoli,D,Dc,DC,2,2,6
252,Biraghi,Torino,D,B;Ds;E,DC;T,2,2,5
6925,Palma,Udinese,D,Dc,DC,2,2,5
5994,Ebosse,Udinese,D,Ds;Dc,DC;T,2,2,4
7478,Franjic,Venezia,D,B;Ds;E,DC;T,2,2,4
6681,Sagrado,Venezia,D,Dd;E,T,2,2,4
487,De Silvestri,Bologna,D,Dd;E,T,1,1,4
7346,Raterink,Cagliari,D,Dd;E,T,1,1,1
418,Goldaniga,Como,D,Dc,DC,1,1,1
7407,Cuenca A.,Como,D,Ds;Dc,DC;T,1,1,8
5424,Amey,Frosinone,D,Dc,DC,1,1,1
7468,Gelli J.,Frosinone,D,Dc,DC,1,1,1
7470,Oyono J.,Frosinone,D,Dd;E,T,1,1,3
7471,Corrado,Frosinone,D,Ds;E,T,1,1,3
6245,Vogliacco,Genoa,D,Dd;Dc,DC;T,1,1,2
6244,Matturro,Genoa,D,Ds;Dc,DC;T,1,1,2
294,Rugani,Juventus,D,Dc,DC,1,1,3
6039,Cabal,Juventus,D,B;Ds;E,DC;T,1,1,4
327,Patric,Lazio,D,Dd;Dc,DC;T,1,1,4
7164,Perez M.,Lecce,D,Dd;Dc,DC;T,1,1,1
7182,Ndaba,Lecce,D,Ds;E,T,1,1,4
5399,Antov,Monza,D,Dc,DC,1,1,2
7476,Bakoune,Monza,D,Dd;E,T,1,1,4
6809,Marianucci,Napoli,D,Dc,DC,1,1,5
5481,Mazzocchi,Napoli,D,Dd;Ds;E,T,1,1,3
7202,Ndiaye,Parma,D,Dc,DC,1,1,4
6149,Carboni F.,Parma,D,Ds;E,T,1,1,3
7260,Ziolkowski,Roma,D,Dc,DC,1,1,2
6189,Missori,Sassuolo,D,Dd;E,T,1,1,2
7156,Pieragnolo,Sassuolo,D,Ds;E,T,1,1,1
7356,Mlacic,Udinese,D,Dc,DC,1,1,3
6021,Abankwah,Udinese,D,Dd;Dc,DC;T,1,1,3
7454,Gomes,Venezia,D,Ds;Dc,DC;T,1,1,1
6875,Paz N.,Como,C,T;A,ATT;Tq,30,30,250
4777,McTominay,Napoli,C,C;T,C;Tq,28,28,240
2194,Calhanoglu,Inter,C,M;C,C,27,27,230
2167,Orsolini,Bologna,C,W;A,ATT;ES,26,26,200
2423,Pulisic,Milan,C,T;A,ATT;Tq,25,25,180
2379,Rabiot,Milan,C,C;T,C;Tq,22,22,128
7126,Baturina,Como,C,T,Tq,19,19,102
5559,Da Cunha,Como,C,C;T,C;Tq,18,18,90
2766,Zaniolo,Udinese,C,T;A,ATT;Tq,18,18,90
6908,Atta,Fiorentina,C,C;T,C;Tq,17,17,87
1870,Barella,Inter,C,C,C,17,17,82
4973,McKennie,Juventus,C,C,C,17,17,68
632,Zaccagni,Lazio,C,W;A,ATT;ES,16,16,91
2517,De Bruyne,Napoli,C,T,Tq,15,15,100
5687,Vlasic,Torino,C,T,Tq,14,14,80
5800,Gudmundsson A.,Fiorentina,C,T;A,ATT;Tq,13,13,61
7314,Taylor K.,Lazio,C,C;T,C;Tq,13,13,64
5792,Ederson D.S.,Atalanta,C,M;C,C,12,12,45
5119,Samardzic,Atalanta,C,C;T,C;Tq,12,12,42
7129,Rodriguez Je.,Como,C,W;A,ATT;ES,12,12,32
7436,Alajbegovic,Juventus,C,W;T,ES;Tq,12,12,57
6884,Conceicao,Juventus,C,W;A,ATT;ES,12,12,60
2606,Modric,Milan,C,M;C,C,12,12,50
6844,Rowe,Bologna,C,W;T,ES;Tq,11,11,37
5823,Baldanzi,Genoa,C,T,Tq,11,11,30
4220,Zambo Anguissa,Napoli,C,C,C,11,11,55
6151,Perrone,Como,C,M;C,C,10,10,38
152,Zielinski,Inter,C,C,C,10,10,41
5562,Thuram K.,Juventus,C,C,C,10,10,41
4892,Saelemaekers,Milan,C,E;W,ES;T,10,10,43
536,Politano,Napoli,C,W,ES,10,10,47
5589,Konè M.,Roma,C,M;C,C,10,10,42
5844,Thorstvedt,Sassuolo,C,C;T,C;Tq,10,10,41
5888,Casadei,Torino,C,C;T,C;Tq,10,10,37
6684,Ekkelenkamp,Udinese,C,C;T,C;Tq,10,10,41
2077,Pasalic,Atalanta,C,C;T,C;Tq,9,9,32
184,Bernardeschi,Bologna,C,W;T,ES;Tq,9,9,21
1933,Mandragora,Fiorentina,C,C,C,9,9,28
5500,Cancellieri,Lazio,C,W;A,ATT;ES,9,9,28
6398,Isaksen,Lazio,C,W;A,ATT;ES,9,9,25
6717,Konè I.,Sassuolo,C,C,C,9,9,20
2765,Odgaard,Bologna,C,T,Tq,8,8,22
4436,Cambiaghi,Bologna,C,W;A,ATT;ES,8,8,25
4465,Fagioli,Fiorentina,C,M;C,C,8,8,23
6294,Ndour,Fiorentina,C,C,C,8,8,25
6274,Diouf,Inter,C,E;C,C;T,8,8,37
7070,Sucic P.,Inter,C,C,C,8,8,26
827,Locatelli,Juventus,C,M;C,C,8,8,32
5878,Colpani,Monza,C,T,Tq,8,8,25
7223,Vergara,Napoli,C,W;T,ES;Tq,8,8,34
779,Cristante,Roma,C,M;C,C,8,8,29
4364,Gaetano,Atalanta,C,M;C,C,7,7,24
5858,Ferguson,Bologna,C,M;C,C,7,7,18
6010,Fazzini,Cagliari,C,C;T,C;Tq,7,7,19
7472,Calò,Frosinone,C,M;C,C,7,7,25
5791,Frendrup,Genoa,C,M;C,C,7,7,19
2848,Frattesi,Inter,C,C;T,C;Tq,7,7,13
2741,Pessina,Monza,C,M;C,C,7,7,20
4287,Lobotka,Napoli,C,M;C,C,7,7,20
6666,Bernabè,Parma,C,C,C,7,7,36
5735,Volpato,Sassuolo,C,W;T,ES;Tq,7,7,23
6218,Oristanio,Torino,C,W;T,ES;Tq,7,7,27
6783,Unai Gomez,Udinese,C,T,Tq,7,7,23
5422,Zalewski,Atalanta,C,W,ES,6,6,21
5298,Pobega,Bologna,C,M;C,C,6,6,14
4870,Adopo,Cagliari,C,M;C,C,6,6,13
4260,Winks,Cagliari,C,M;C,C,6,6,14
5036,Caqueret,Como,C,C;T,C;Tq,6,6,20
6678,Liberali,Como,C,T,Tq,6,6,22
7464,Oulai,Fiorentina,C,M;C,C,6,6,20
6020,Ellertsson,Genoa,C,E;C,C;T,6,6,18
5761,Zhegrova,Juventus,C,W,ES,6,6,18
4459,Rovella,Lazio,C,M;C,C,6,6,16
5504,Coulibaly L.,Lecce,C,M;C,C,6,6,14
6549,Pierotti,Lecce,C,W,ES,6,6,19
4856,Chukwueze,Milan,C,W,ES,6,6,11
6593,Akinsanmiro,Monza,C,C,C,6,6,16
4349,Nicolussi Caviglia,Parma,C,M;C,C,6,6,18
6680,Karlstrom,Udinese,C,M;C,C,6,6,20
5674,Basic,Venezia,C,M;C,C,6,6,19
7528,Amondarain,Bologna,C,M;C,C,5,5,12
7311,Romano,Cagliari,C,M;C,C,5,5,12
6640,Felici,Cagliari,C,W,ES,5,5,10
7412,Milla,Como,C,M;C,C,5,5,14
7127,Addai,Como,C,W;A,ATT;ES,5,5,10
5998,Zerbin,Frosinone,C,W,ES,5,5,13
7409,Meichtry,Genoa,C,W;T,ES;Tq,5,5,14
2857,Traorè Hj.,Genoa,C,W;T,ES;Tq,5,5,11
2529,Mkhitaryan,Inter,C,C,C,5,5,19
5685,Koopmeiners,Juventus,C,C;T,C;Tq,5,5,14
6629,Dele-Bashiru,Lazio,C,C;T,C;Tq,5,5,13
6015,Berisha M.,Lecce,C,C;T,C;Tq,5,5,16
7318,Gandelman,Lecce,C,C;T,C;Tq,5,5,14
4686,Fofana Y.,Milan,C,M;C,C,5,5,23
6898,Keita M.,Parma,C,M;C,C,5,5,15
6984,Ondrejka,Parma,C,W;A,ATT;ES,5,5,18
6190,Pisilli,Roma,C,C,C,5,5,17
2528,Matic,Sassuolo,C,M;C,C,5,5,15
6677,Adzic,Sassuolo,C,C;T,C;Tq,5,5,14
7036,Bakola,Sassuolo,C,C;T,C;Tq,5,5,16
7060,Cacciamani,Torino,C,E;W,ES;T,5,5,18
6170,Gineitis,Torino,C,M;C,C,5,5,13
7198,Piotrowski,Udinese,C,M;C,C,5,5,15
5507,Busio,Venezia,C,M;C,C,5,5,14
5319,Sohm,Venezia,C,C,C,5,5,14
6994,Perez K.,Venezia,C,C;T,C;Tq,5,5,14
22,De Roon,Atalanta,C,M;C,C,4,4,12
6054,Moro N.,Bologna,C,M;C,C,4,4,10
6424,Prati,Cagliari,C,M;C,C,4,4,7
6206,Fabbian,Fiorentina,C,C;T,C;Tq,4,4,8
7473,Cichella,Frosinone,C,M;C,C,4,4,11
7474,Koutsoupias,Frosinone,C,C,C,4,4,12
7341,Amorim,Genoa,C,M;C,C,4,4,11
5301,Luis Henrique,Inter,C,E;W,ES;T,4,4,13
4911,Douglas Luiz,Juventus,C,C,C,4,4,12
333,Cataldi,Lazio,C,M;C,C,4,4,12
7322,Ngom,Lecce,C,M;C,C,4,4,11
5453,Ricci S.,Milan,C,M;C,C,4,4,11
7203,Jashari,Milan,C,C,C,4,4,11
4199,Loftus-Cheek,Milan,C,C;T,C;Tq,4,4,11
6252,Folorunsho,Napoli,C,C;T,C;Tq,4,4,10
6207,Almqvist,Parma,C,W;A,ATT;ES,4,4,14
6271,El Aynaoui,Roma,C,M;C,C,4,4,18
7535,Fitz-Jim,Torino,C,M;C,C,4,4,13
6005,Ilkhan,Torino,C,M;C,C,4,4,10
6827,Njie,Torino,C,W;A,ATT;ES,4,4,12
6024,Sulemana I.,Atalanta,C,M;C,C,3,3,7
6895,Dominguez B.,Bologna,C,W;A,ATT;ES,3,3,8
1871,Deiola,Cagliari,C,M;C,C,3,3,8
4947,Brescianini,Fiorentina,C,C;T,C;Tq,3,3,7
6241,Gelli F.,Frosinone,C,C;T,C;Tq,3,3,8
6506,Fini ,Frosinone,C,W,ES,3,3,9
4970,Messias,Genoa,C,W;T,ES;Tq,3,3,8
6503,Stankovic A.,Inter,C,M;C,C,3,3,10
5813,Miretti,Juventus,C,C;T,C;Tq,3,3,11
7477,Colombo L.,Monza,C,M;C,C,3,3,7
5131,Gilmour,Napoli,C,M;C,C,3,3,9
7209,Sorensen O.,Parma,C,C,C,3,3,12
7536,Diallo O.,Parma,C,W;A,ATT;ES,3,3,12
7183,Aboukhlal,Torino,C,W;A,ATT;ES,3,3,5
7208,Miller L.,Udinese,C,M;C,C,3,3,12
5872,Helgason,Venezia,C,C;T,C;Tq,3,3,7
6225,El Azzouzi O.,Bologna,C,M;C,C,2,2,4
6815,Fadera,Como,C,W,ES,2,2,3
6903,Hasa,Frosinone,C,C;T,C;Tq,2,2,5
6917,Masini,Genoa,C,M;C,C,2,2,4
6980,Venturino,Genoa,C,W,ES,2,2,6
5457,Maleh,Lecce,C,M;C,C,2,2,5
5295,Musah,Milan,C,C;W,C;ES,2,2,6
5880,Ciurria,Monza,C,E;W,ES;T,2,2,6
7138,Ordonez C.,Parma,C,M;C,C,2,2,5
6219,Boloca,Sassuolo,C,M;C,C,2,2,5
6246,Lipani,Sassuolo,C,M;C,C,2,2,5
7418,Chakvetadze,Udinese,C,W;T,ES;Tq,2,2,6
526,Duncan,Venezia,C,C,C,2,2,4
7165,Liteta,Cagliari,C,M;C,C,1,1,1
7357,Lahdo,Como,C,C;T,C;Tq,1,1,1
7456,El Azzouzi A.,Frosinone,C,M;C,C,1,1,3
5725,Kone B.,Frosinone,C,C,C,1,1,3
6191,Belahyane,Lazio,C,M;C,C,1,1,5
7345,Przyborek,Lazio,C,W;T,ES;Tq,1,1,5
7248,Gorter,Lecce,C,M;C,C,1,1,3
6410,Kaba,Lecce,C,M;C,C,1,1,2
7319,Fofana Sa.,Lecce,C,M;C,C,1,1,1
7276,Cremaschi,Parma,C,E;C,C;T,1,1,3
7157,Iannoni,Sassuolo,C,M;C,C,1,1,1
5007,Ilic,Torino,C,C,C,1,1,4
6889,Anjorin,Torino,C,C;T,C;Tq,1,1,4
7392,Camara A.,Udinese,C,M;C,C,1,1,3
6212,Zarraga,Udinese,C,M;C,C,1,1,4
5485,Bjarkason,Venezia,C,E;W,ES;T,1,1,3
7481,Dagasso,Venezia,C,C,C,1,1,1
2764,Martinez L.,Inter,A,Pc,ATT,35,35,370
5585,Malen,Roma,A,Pc,ATT,34,34,365
4871,Thuram,Inter,A,Pc,ATT,29,29,280
6052,Hojlund,Napoli,A,Pc,ATT,28,28,271
6397,Ramos G.,Milan,A,Pc,ATT,27,27,240
5951,Kolo Muani,Juventus,A,Pc,ATT,26,26,225
2097,Kean,Fiorentina,A,Pc,ATT,25,25,212
6434,Yildiz,Juventus,A,A,ATT,23,23,200
7017,Douvikas,Como,A,Pc,ATT,20,20,157
2137,Scamacca,Atalanta,A,Pc,ATT,19,19,128
5637,Davis K.,Udinese,A,Pc,ATT,19,19,121
6435,Krstovic,Atalanta,A,Pc,ATT,18,18,100
4510,Leao,Milan,A,A,ATT,18,18,120
531,Berardi,Sassuolo,A,A,ATT,18,18,115
5995,De Ketelaere,Atalanta,A,A,ATT,17,17,106
6675,Dovbyk,Bologna,A,Pc,ATT,16,16,84
7071,Esposito F.P.,Inter,A,Pc,ATT,16,16,93
7023,Pellegrino M.,Parma,A,Pc,ATT,15,15,81
6060,Laurientè,Sassuolo,A,A,ATT,15,15,88
2061,Simeone,Torino,A,Pc,ATT,15,15,82
7351,Santos A.,Napoli,A,W;A,ATT;ES,14,14,60
309,Dybala,Roma,A,A,ATT,14,14,67
6572,Castro S.,Roma,A,Pc,ATT,14,14,83
4371,Raspadori,Atalanta,A,A,ATT,13,13,62
4463,Esposito Se.,Cagliari,A,A,ATT,13,13,50
4728,Nkunku,Milan,A,A,ATT,13,13,52
2038,Pinamonti,Sassuolo,A,Pc,ATT,13,13,58
5734,Soulè,Roma,A,A,ATT,12,12,55
7484,Adams A.,Venezia,A,Pc,ATT,12,12,52
6967,Diao,Como,A,W;A,ATT;ES,11,11,50
4923,Colombo,Genoa,A,Pc,ATT,11,11,63
5672,Dia,Lazio,A,A,ATT,10,10,31
7313,Ratkov,Lazio,A,Pc,ATT,10,10,32
2531,Lukaku,Napoli,A,Pc,ATT,10,10,45
7347,Bowie,Sassuolo,A,Pc,ATT,10,10,39
6530,Ghedjemis,Frosinone,A,W;A,ATT;ES,9,9,30
5544,David,Juventus,A,Pc,ATT,9,9,40
5029,Geubbels,Lecce,A,Pc,ATT,9,9,25
2155,Cutrone,Monza,A,Pc,ATT,9,9,33
6646,Adams C.,Torino,A,A,ATT,9,9,32
6643,Dallinga,Bologna,A,Pc,ATT,8,8,23
4359,Piccoli,Fiorentina,A,Pc,ATT,8,8,24
6164,Vitinha O.,Genoa,A,A,ATT,8,8,20
6904,Yeboah J.,Venezia,A,A,ATT,8,8,28
7449,Rrahmani Al.,Venezia,A,Pc,ATT,8,8,20
5436,Raimondo,Frosinone,A,Pc,ATT,7,7,24
6669,Bonny,Inter,A,Pc,ATT,7,7,21
7252,Stulic,Lecce,A,Pc,ATT,7,7,18
608,Zapata D.,Torino,A,Pc,ATT,7,7,18
5918,Sulemana K.,Atalanta,A,A,ATT,6,6,16
6598,Mutandwa,Cagliari,A,Pc,ATT,6,6,19
2832,Boga,Juventus,A,W;A,ATT;ES,6,6,25
6556,Noslin,Lazio,A,A,ATT,6,6,17
7008,Gimenez,Milan,A,Pc,ATT,6,6,14
6831,Neres,Napoli,A,W;A,ATT;ES,6,6,22
4896,Maldini,Atalanta,A,T;A,ATT;Tq,5,5,14
6519,Camarda,Milan,A,Pc,ATT,5,5,18
5882,Mota,Monza,A,A,ATT,5,5,18
7213,Frigan,Parma,A,A,ATT,5,5,13
4387,Adorante,Venezia,A,Pc,ATT,5,5,14
6243,Borrelli,Cagliari,A,Pc,ATT,4,4,9
7374,Mendy P.,Cagliari,A,Pc,ATT,4,4,9
313,Morata,Como,A,Pc,ATT,4,4,10
6204,Kvernadze,Frosinone,A,W;A,ATT;ES,4,4,15
7453,Havel,Genoa,A,Pc,ATT,4,4,9
7162,Giovane,Napoli,A,A,ATT,4,4,10
7349,Kulenovic,Torino,A,Pc,ATT,4,4,9
7272,Gueye,Udinese,A,Pc,ATT,4,4,7
7128,Kuhn,Como,A,W;A,ATT;ES,3,3,5
6822,Ekhator,Juventus,A,A,ATT,3,3,10
7001,N'Dri,Lecce,A,W;A,ATT;ES,3,3,9
7523,Varela G.,Monza,A,Pc,ATT,3,3,7
7120,Lang,Napoli,A,A,ATT,3,3,10
6215,Lucca,Napoli,A,Pc,ATT,3,3,10
7342,Elphege,Parma,A,Pc,ATT,3,3,11
383,Petagna,Monza,A,Pc,ATT,2,2,5
7249,Buksa ,Udinese,A,Pc,ATT,2,2,4
7338,Albarracin,Cagliari,A,A,ATT,1,1,1
7317,Trepy,Cagliari,A,Pc,ATT,1,1,2
7027,Azon,Como,A,Pc,ATT,1,1,1
6981,Vaz,Roma,A,Pc,ATT,1,1,4
7158,Moro L.,Sassuolo,A,Pc,ATT,1,1,1
7161,Bayo V.,Udinese,A,Pc,ATT,1,1,3
7408,Lisman,Venezia,A,W;A,ATT;ES,1,1,1
7482,Lauberbach,Venezia,A,Pc,ATT,1,1,1
