player_id,player_name,player_team,role_classic,role_mantra,role_fantastats
513,Acerbi,Inter,D,Dc,DC
6677,Adzic,Juventus,C,C;T,C;Tq
5784,Aebischer,Pisa,C,C,C
6916,Ahanor,Atalanta,D,B;Ds;E,DC;T
6593,Akinsanmiro,Pisa,C,C;T,C;Tq
7010,Al-Musrati,Verona,C,M;C,C
7338,Albarracin,Cagliari,A,A,ATT
7341,Amorim,Genoa,C,M;C,C
7143,Angori,Pisa,D,Ds;E,T
7277,Arena A.,Roma,A,Pc,ATT
7312,Arizala,Udinese,D,Ds;E,T
7211,Athekame,Milan,D,Dd;E,T
6908,Atta,Udinese,C,C,C
761,Audero,Cremonese,P,Por,POR
7377,Balbo,Fiorentina,D,Ds;E,T
5823,Baldanzi,Genoa,C,T;A,ATT;Tq
7262,Balentien,Milan,A,A,ATT
6013,Barbieri,Cremonese,D,Dd;Ds;E,T
5674,Basic,Lazio,C,C,C
7253,Bella-Kotchap,Verona,D,Dc,DC
441,Belotti,Cagliari,A,Pc,ATT
6666,Bernabè,Parma,C,C,C
7219,Bernasconi,Atalanta,D,E,T
6217,Bisseck,Inter,D,Dc,DC
5992,Bondo,Cremonese,C,M;C,C
6669,Bonny,Inter,A,Pc,ATT
6243,Borrelli,Cagliari,A,Pc,ATT
7239,Braschi,Fiorentina,A,Pc,ATT
2788,Bremer,Juventus,D,Dc,DC
7255,Britschgi,Parma,D,Dd;Ds;E,T
7042,Calligaris,Inter,P,Por,POR
6519,Camarda,Lecce,A,Pc,ATT
6985,Candè,Sassuolo,D,Ds;Dc,DC;T
7139,Canestrelli,Pisa,D,Dc,DC
6572,Castro S.,Bologna,A,Pc,ATT
7261,Cavlina,Como,P,Por,POR
1891,Ceccherini,Cremonese,D,Dd;Dc,DC;T
4657,Celik,Roma,D,B;Dd;E,DC;T
7222,Cham,Verona,D,Dd;Ds;E,T
6439,Cheddira,Lecce,A,Pc,ATT
6403,Christensen O.,Fiorentina,P,Por,POR
4929,Ciocci,Cagliari,P,Por,POR
7132,Collocolo,Cremonese,C,M;C,C
6495,Comuzzo,Fiorentina,D,Dc,DC
7140,Coppola F.,Pisa,D,Dc,DC
4677,Cornet,Genoa,C,W,ES
6662,Corvi,Parma,P,Por,POR
5504,Coulibaly L.,Lecce,C,M;C,C
6665,Coulibaly W.,Sassuolo,D,Dd;Ds;E,T
779,Cristante,Roma,C,M;C,C
5559,Da Cunha,Como,C,C;W;T,C;ES;Tq
2525,Darmian,Inter,D,B;Dd;E,DC;T
5544,David,Juventus,A,Pc,ATT
322,De Vrij,Inter,D,Dc,DC
6664,Delprato,Parma,D,B;Dd;E,DC;T
7196,Denoon,Pisa,D,Dc,DC
1926,Di Gennaro,Inter,P,Por,POR
5672,Dia,Lazio,A,Pc,ATT
4137,Diego Carlos,Como,D,Dc,DC
5471,Djuric,Cremonese,A,Pc,ATT
6230,Dossena,Cagliari,D,Dc,DC
6675,Dovbyk,Roma,A,Pc,ATT
5513,Dumfries,Inter,D,E,T
7316,Durosinmi,Pisa,A,Pc,ATT
5994,Ebosse,Torino,D,Ds;Dc,DC;T
7352,Edmundsson,Verona,D,Dc,DC
6822,Ekhator,Genoa,A,A,ATT
795,El Shaarawy,Roma,C,W,ES
4479,Elmas,Napoli,C,W;T,ES;Tq
7071,Esposito F.P.,Inter,A,Pc,ATT
5290,Estevez,Parma,C,M;C,C
6815,Fadera,Sassuolo,C,W,ES
6870,Faye,Cremonese,D,Dc,DC
6010,Fazzini,Fiorentina,C,C;T,C;Tq
6640,Felici,Cagliari,C,W,ES
6365,Ferguson E.,Roma,A,Pc,ATT
7285,Ferrante,Napoli,P,Por,POR
7131,Floriani Mussolini,Cremonese,D,Dd;E,T
7319,Fofana Sa.,Lecce,C,M;C,C
4686,Fofana Y.,Milan,C,M;C,C
7130,Folino,Cremonese,D,Dc,DC
6252,Folorunsho,Cagliari,C,C;T,C;Tq
7069,Fortini,Fiorentina,D,E,T
2678,Fullkrug,Milan,A,Pc,ATT
4364,Gaetano,Cagliari,C,T,Tq
6550,Garcia U.,Sassuolo,D,B;Ds;E,DC;T
5831,Gatti,Juventus,D,Dc,DC
7383,Giacomone,Lazio,P,Por,POR
5833,Gila,Lazio,D,Dc,DC
7008,Gimenez,Milan,A,Pc,ATT
7162,Giovane,Napoli,A,A,ATT
7248,Gorter,Lecce,C,M;C,C
2160,Gosens,Fiorentina,D,E,T
7272,Gueye,Udinese,A,Pc,ATT
5427,Gutierrez,Napoli,D,Ds;E,T
5651,Harrison,Fiorentina,C,W,ES
5872,Helgason,Lecce,C,C;T,C;Tq
7326,Helland,Bologna,D,Dd;Dc,DC;T
5678,Holm,Juventus,D,Dd;E,T
140,Hysaj,Lazio,D,Dd;Ds;E,T
7157,Iannoni,Sassuolo,C,C,C
7125,Idrissi R.,Cagliari,D,Ds;E,T
5007,Ilic,Torino,C,C,C
6112,Iling Junior,Pisa,C,E;W,ES;T
7309,Isaac,Verona,A,Pc,ATT
6883,Jean,Lecce,D,Dc,DC
7175,Joao Mario,Bologna,D,E,T
256,Juan Jesus,Napoli,D,Ds;Dc,DC;T
5555,Kamara H.,Udinese,D,Ds;E,T
2097,Kean,Fiorentina,A,Pc,ATT
6898,Keita M.,Parma,C,M;C,C
7199,Kilicsoy,Cagliari,A,A,ATT
7238,Kouadio,Fiorentina,D,Dc,DC
7357,Lahdo,Como,C,C;T,C;Tq
4385,Lazaro,Torino,D,Dd;E,T
188,Leali,Genoa,P,Por,POR
158,Lezzerini,Fiorentina,P,Por,POR
7165,Liteta,Cagliari,C,M;C,C
7254,Lorran,Pisa,C,T,Tq
5850,Lovric,Verona,C,C,C
7331,Loyola,Pisa,C,M;C,C
2653,Lykogiannis,Bologna,D,Ds;E,T
4896,Maldini,Lazio,C,T;A,ATT;Tq
5457,Maleh,Cremonese,C,M;C,C
4427,Malinovskyi,Genoa,C,C;T,C;Tq
6660,Marcandalli,Genoa,D,Dc,DC
6645,Marchwinski,Lecce,C,T,Tq
6809,Marianucci,Torino,D,Dc,DC
7149,Marin M.,Pisa,C,M;C,C
4665,Maripan,Torino,D,Dc,DC
5116,Martinez Jo.,Inter,P,Por,POR
2764,Martinez L.,Inter,A,Pc,ATT
6917,Masini,Genoa,C,M;C,C
2528,Matic,Sassuolo,C,M;C,C
1976,Mazzitelli,Cagliari,C,M;C,C
7374,Mendy P.,Cagliari,A,Pc,ATT
7381,Mikolajewski,Parma,A,Pc,ATT
2170,Milinkovic-Savic V.,Napoli,P,Por,POR
7208,Miller L.,Udinese,C,M;C,C
4210,Mina,Cagliari,D,Dc,DC
4734,Miranda J.,Bologna,D,Ds;E,T
5813,Miretti,Juventus,C,C;T,C;Tq
5435,Moreno Alb.,Como,D,Ds;E,T
5455,Moreo,Pisa,A,A,ATT
7158,Moro L.,Sassuolo,A,Pc,ATT
6054,Moro N.,Bologna,C,M;C,C
7388,Mosconi,Inter,A,A,ATT
7337,Motta,Lazio,P,Por,POR
6555,Moumbagna,Cremonese,A,Pc,ATT
7155,Muharemovic,Sassuolo,D,Dc,DC
5295,Musah,Atalanta,C,C;W,C;ES
7001,N'Dri,Lecce,A,W;A,ATT;ES
6505,Nava,Cremonese,P,Por,POR
7018,Nelsson,Verona,D,Dc,DC
7322,Ngom,Lecce,C,M;C,C
2271,Nicolas,Pisa,P,Por,POR
6827,Njie,Torino,A,A,ATT
5156,Nkounkou,Torino,D,Ds;E,T
7185,Nunziante,Udinese,P,Por,POR
5336,Nzola,Sassuolo,A,Pc,ATT
5701,Obert,Cagliari,D,Ds;Dc,DC;T
7329,Obrador,Torino,D,Ds;E,T
6538,Onana J.,Genoa,C,M;C,C
6314,Openda,Juventus,A,Pc,ATT
6552,Orban G.,Verona,A,Pc,ATT
7138,Ordonez C.,Parma,C,M;C,C
6218,Oristanio,Parma,C,W;T;A,ATT;ES;Tq
6977,Otoa,Genoa,D,Dc,DC
6832,Palestra,Cagliari,D,E,T
7382,Pannozzo,Lazio,P,Por,POR
327,Patric,Lazio,D,Dd;Dc,DC;T
247,Pavoletti,Cagliari,A,Pc,ATT
6481,Payero,Cremonese,C,C,C
2489,Pedro,Lazio,A,A,ATT
7353,Pedro Felipe,Sassuolo,D,Dc,DC
7164,Perez M.,Lecce,D,Dd;Dc,DC;T
7172,Pessina Mas.,Bologna,P,Por,POR
7145,Piccinini G.,Pisa,C,E;M,C;T
7156,Pieragnolo,Sassuolo,D,Ds;E,T
6190,Pisilli,Roma,C,C,C
6424,Prati,Torino,C,M;C,C
2814,Provedel,Lazio,P,Por,POR
7345,Przyborek,Lazio,C,W;T,ES;Tq
6394,Ramadani,Lecce,C,M;C,C
6869,Ramon,Como,D,Dc,DC
7346,Raterink,Cagliari,D,Dd;E,T
2722,Ravaglia F.,Bologna,P,Por,POR
5338,Rinaldi,Parma,P,Por,POR
7129,Rodriguez Je.,Como,A,W;A,ATT;ES
7268,Rodriguez Ju.,Cagliari,D,Ds;Dc,DC;T
2279,Romagna,Sassuolo,D,Dc,DC
2297,Rossi F.,Atalanta,P,Por,POR
294,Rugani,Fiorentina,D,Dc,DC
791,Sabelli,Genoa,D,Dd;Ds;E,T
7246,Sala A.,Lecce,C,C,C
2127,Satalino,Sassuolo,P,Por,POR
6842,Sava,Udinese,P,Por,POR
4284,Sergi Roberto,Como,C,M;C,C
6650,Sherri,Cagliari,P,Por,POR
6991,Siegrist,Genoa,P,Por,POR
2211,Silvestri,Cremonese,P,Por,POR
7363,Siviero,Torino,P,Por,POR
5319,Sohm,Bologna,C,C,C
6380,Solomon,Fiorentina,A,W;A,ATT;ES
2428,Sommer,Inter,P,Por,POR
2839,Sottil,Lecce,C,W;A,ATT;ES
5734,Soulè,Roma,A,A,ATT
5561,Stengs,Pisa,C,W;T,ES;Tq
4486,Strefezza,Parma,C,W;A,ATT;ES
6024,Sulemana I.,Cagliari,C,M;C,C
6641,Suzuki,Parma,P,Por,POR
5812,Terracciano F.,Cremonese,D,Dd;Ds;E,T
7236,Toniolo,Verona,P,Por,POR
7301,Tornqvist,Como,P,Por,POR
7146,Tourè I.,Pisa,C,E;M,C;T
7317,Trepy,Cagliari,A,Pc,ATT
7235,Troilo,Parma,D,Dc,DC
5168,Tsimikas,Roma,D,Ds;E,T
5307,Valenti,Parma,D,Dc,DC
6957,Valentini N.,Verona,D,Dc,DC
7133,Vandeputte,Cremonese,C,W;T,ES;Tq
2499,Vardy,Cremonese,A,Pc,ATT
6981,Vaz,Roma,A,Pc,ATT
6980,Venturino,Roma,C,W,ES
7223,Vergara,Napoli,C,W;T,ES;Tq
7368,Vermesan,Verona,A,Pc,ATT
2809,Vigorito,Como,P,Por,POR
7068,Vitik,Bologna,D,Dc,DC
4994,Vojvoda,Como,D,Dd;E,T
5610,Vranckx,Sassuolo,C,M;C,C
7181,Wesley,Roma,D,E,T
6434,Yildiz,Juventus,A,A,ATT
6575,Zaragoza,Roma,C,W;A,ATT;ES
7335,Zatterstrom,Genoa,D,Dc,DC
7169,Zelezny,Roma,P,Por,POR
5998,Zerbin,Cremonese,C,E;W,ES;T
152,Zielinski,Inter,C,C;T,C;Tq
7260,Ziolkowski,Roma,D,Dc,DC
